{
    "0": "1",
    "1": "True",
    "2": "43",
    "3": "Turtle",
    "4": "Planet",
    "5": "P",
    "6": "Jet",
    "7": "tardy",
    "8": "True",
    "9": "Lassitude",
    "10": "987",
    "11": "15",
    "12": " 25 mm",
    "13": " False",
    "14": "-35",
    "15": "60",
    "16": "11",
    "17": "October",
    "18": "6",
    "19": "20",
    "20": "50",
    "21": "$0.60",
    "22": "1.5",
    "23": "5.3",
    "24": "600 feet",
    "25": "0.33",
    "26": "11,000",
    "27": "8th",
    "28": "43",
    "29": "Similar",
    "30": "none",
    "31": "True",
    "32": "86,400",
    "33": "beginning",
    "34": " July",
    "35": "drought",
    "36": "Sun",
    "37": "$1.65",
    "38": "similar",
    "39": "15",
    "40": "imperious",
    "41": "less",
    "42": "0.12",
    "43": " 8/31",
    "44": "18.12",
    "45": "4.87",
    "46": "not related",
    "47": "similar",
    "48": "0.84",
    "49": "6 feet",
    "50": "similar"
}