{
    "Rank": [
        "Name",
        "Correct",
        "Wrong"
    ],
    "1": [
        "Ashik",
        19,
        20
    ],
    "2": [
        "Hasib",
        16,
        18
    ],
    "3": [
        "Shifat",
        11,
        2
    ],
    "4": [
        "AverageJoe",
        9,
        2
    ],
    "5": [
        "rahat",
        7,
        1
    ],
    "6": [
        "Khelghor Club",
        7,
        18
    ],
    "7": [
        "qwerty",
        6,
        1
    ],
    "8": [
        "pk",
        3,
        0
    ],
    "9": [
        "konoekjon",
        3,
        1
    ],
    "10": [
        "<nobody>",
        0,
        0
    ],
    "11": [
        "<nobody>",
        0,
        0
    ]
}