{
    "0": [
        "25",
        "5",
        "1",
        "10"
    ],
    "1": [
        "True",
        "False",
        "Both",
        "None"
    ],
    "2": [
        "37",
        "45",
        "43",
        "39"
    ],
    "3": [
        " Eel",
        "Shark",
        "Dolphin",
        "Turtle"
    ],
    "4": [
        "Ventricle",
        "Fish",
        "River",
        "Planet"
    ],
    "5": [
        "N",
        " P",
        "M",
        "Q"
    ],
    "6": [
        "Glider",
        "Parachute",
        "Jet",
        "Bird"
    ],
    "7": [
        "tardy",
        "meticulous",
        "conscious",
        "rigorous"
    ],
    "8": [
        "True",
        "False",
        "Both",
        "None"
    ],
    "9": [
        "IQ",
        "Coruscation",
        "Trenchancy",
        "Lassitude"
    ],
    "10": [
        "1110",
        "1287",
        "987",
        "961"
    ],
    "11": [
        "12",
        "6",
        "15",
        "10"
    ],
    "12": [
        "25 nm",
        " 25.5 mm",
        "20 mm",
        " 25 mm"
    ],
    "13": [
        "True",
        "False",
        "Both",
        "None"
    ],
    "14": [
        "-35",
        "35",
        "-25",
        "25"
    ],
    "15": [
        "60",
        "80",
        "20",
        "30"
    ],
    "16": [
        "12",
        "11",
        "8",
        "3"
    ],
    "17": [
        "November",
        "October",
        "May",
        "February"
    ],
    "18": [
        "6",
        "15",
        "10",
        "12"
    ],
    "19": [
        "17",
        "16",
        "20",
        "9"
    ],
    "20": [
        "75",
        "25",
        "50",
        "100"
    ],
    "21": [
        "$0.65",
        "$0.40",
        "$0.60",
        "$0.50"
    ],
    "22": [
        "12",
        "6",
        "1.3",
        "1.5"
    ],
    "23": [
        "5.3",
        "5.12",
        "5.5",
        "5.9"
    ],
    "24": [
        "500 feet",
        "150 feet",
        "900 feet",
        "600 feet"
    ],
    "25": [
        "007",
        "002",
        "0.80",
        "0.33"
    ],
    "26": [
        "12.011",
        "10,111",
        "0.111",
        "11,000"
    ],
    "27": [
        "3rd",
        "8th",
        "9th",
        "5th"
    ],
    "28": [
        "43",
        "430",
        "420",
        "107.5"
    ],
    "29": [
        "Unrelated",
        "Similar",
        "Opposite",
        "None"
    ],
    "30": [
        "similar",
        "Unrelated",
        "opposite",
        "none"
    ],
    "31": [
        "True",
        "False",
        "Both",
        "None"
    ],
    "32": [
        "82,400",
        "86,400",
        "88,400",
        "85,400"
    ],
    "33": [
        "ending",
        "beginning",
        "exclusion",
        "inclusion"
    ],
    "34": [
        "September",
        " July",
        "June",
        " August"
    ],
    "35": [
        "debt",
        "credit",
        "drought",
        "budget"
    ],
    "36": [
        "Cricket Bat",
        "Tennis Ball",
        "Sun",
        "Moon"
    ],
    "37": [
        "$1.10",
        "$2.28",
        "$1.45",
        "$1.65"
    ],
    "38": [
        "similar",
        "opposite",
        "unrelated",
        "none"
    ],
    "39": [
        "15",
        "18",
        "20",
        "10"
    ],
    "40": [
        "calm",
        "selfish",
        "angry",
        "imperious"
    ],
    "41": [
        "less",
        "meager",
        "beautiful",
        "ample"
    ],
    "42": [
        "0.12",
        "0.112",
        "0.11",
        "1"
    ],
    "43": [
        "8/31",
        "4/9",
        "12/28",
        "6/23"
    ],
    "44": [
        "19.01",
        "18.21",
        "19.112",
        "18.12"
    ],
    "45": [
        "5",
        "4.87",
        "4.9",
        "4.7"
    ],
    "46": [
        "contradictory",
        "opposite",
        "similar",
        "not related"
    ],
    "47": [
        "opposite",
        "unrelated",
        "contradictory",
        "similar"
    ],
    "48": [
        "$0.7",
        "$0.5",
        " $0.84",
        "$0.64"
    ],
    "49": [
        "6 feet",
        "3 feet",
        "5 feet",
        "4 feet"
    ],
    "50": [
        "identical",
        "contradictory",
        "different",
        "similar"
    ]
}